-- ============================================================
-- 목업 데이터 시드 - 시가총액 상위 20개 한국 종목 (2024년 기준 추정치)
-- ============================================================

-- 1. Stock (종목 + 시장 데이터)
INSERT INTO stock (id, ticker, company_name, current_price, market_cap, created_at, updated_at) VALUES
(1,  '005930', '삼성전자',         74000,   441000000000000, NOW(), NOW()),
(2,  '000660', 'SK하이닉스',       190000,  138000000000000, NOW(), NOW()),
(3,  '005380', '현대차',           240000,   51000000000000, NOW(), NOW()),
(4,  '035420', 'NAVER',           190000,   31000000000000, NOW(), NOW()),
(5,  '000270', '기아',             100000,   40000000000000, NOW(), NOW()),
(6,  '068270', '셀트리온',         170000,   22000000000000, NOW(), NOW()),
(7,  '105560', 'KB금융',           88000,    35000000000000, NOW(), NOW()),
(8,  '055550', '신한지주',         53000,    27000000000000, NOW(), NOW()),
(9,  '003550', 'LG',              100000,   17000000000000, NOW(), NOW()),
(10, '012330', '현대모비스',       260000,   25000000000000, NOW(), NOW()),
(11, '028260', '삼성물산',         150000,   29000000000000, NOW(), NOW()),
(12, '051910', 'LG화학',          350000,   24000000000000, NOW(), NOW()),
(13, '032830', '삼성생명',         97000,    19000000000000, NOW(), NOW()),
(14, '086790', '하나금융지주',      59000,    17000000000000, NOW(), NOW()),
(15, '035720', '카카오',           48000,    21000000000000, NOW(), NOW()),
(16, '000810', '삼성화재',         340000,   16000000000000, NOW(), NOW()),
(17, '034730', 'SK',             180000,    13000000000000, NOW(), NOW()),
(18, '096770', 'SK이노베이션',     120000,   13000000000000, NOW(), NOW()),
(19, '030200', 'KT',              45000,    11000000000000, NOW(), NOW()),
(20, '017670', 'SK텔레콤',        55000,    12000000000000, NOW(), NOW());

-- 2. Kingdom (종목 1:1 매핑)
INSERT INTO kingdom (id, stock_id, name, created_at, updated_at) VALUES
(1,  1,  '삼성전자 왕국',    NOW(), NOW()),
(2,  2,  'SK하이닉스 왕국',  NOW(), NOW()),
(3,  3,  '현대차 왕국',      NOW(), NOW()),
(4,  4,  'NAVER 왕국',      NOW(), NOW()),
(5,  5,  '기아 왕국',        NOW(), NOW()),
(6,  6,  '셀트리온 왕국',    NOW(), NOW()),
(7,  7,  'KB금융 왕국',      NOW(), NOW()),
(8,  8,  '신한지주 왕국',    NOW(), NOW()),
(9,  9,  'LG 왕국',         NOW(), NOW()),
(10, 10, '현대모비스 왕국',  NOW(), NOW()),
(11, 11, '삼성물산 왕국',    NOW(), NOW()),
(12, 12, 'LG화학 왕국',      NOW(), NOW()),
(13, 13, '삼성생명 왕국',    NOW(), NOW()),
(14, 14, '하나금융지주 왕국', NOW(), NOW()),
(15, 15, '카카오 왕국',      NOW(), NOW()),
(16, 16, '삼성화재 왕국',    NOW(), NOW()),
(17, 17, 'SK 왕국',         NOW(), NOW()),
(18, 18, 'SK이노베이션 왕국', NOW(), NOW()),
(19, 19, 'KT 왕국',         NOW(), NOW()),
(20, 20, 'SK텔레콤 왕국',   NOW(), NOW());

-- 3. User (테스트 유저 10명)
INSERT INTO users (id, nickname, email, created_at, updated_at) VALUES
(1,  '불꽃개미',   'user01@test.com', NOW(), NOW()),
(2,  '반도체왕',   'user02@test.com', NOW(), NOW()),
(3,  '배당헌터',   'user03@test.com', NOW(), NOW()),
(4,  '성장주러버', 'user04@test.com', NOW(), NOW()),
(5,  '가치투자자', 'user05@test.com', NOW(), NOW()),
(6,  '퀀트개미',   'user06@test.com', NOW(), NOW()),
(7,  '장기보유왕', 'user07@test.com', NOW(), NOW()),
(8,  '모멘텀신봉', 'user08@test.com', NOW(), NOW()),
(9,  '인덱스맨',   'user09@test.com', NOW(), NOW()),
(10, '테마사냥꾼', 'user10@test.com', NOW(), NOW());

-- 4. UserStockHolding (보유 내역)
--    전투력 계산 검증 시나리오:
--    - 삼성전자: 유저 5명, 대형주 → 참여율 낮게 설계
--    - SK하이닉스: 유저 3명, 고가주 → 중간
--    - 카카오: 유저 4명, 저가주 → 참여율 높게 설계 (소형주 역전 시나리오)
INSERT INTO user_stock_holding (id, user_id, stock_id, quantity, created_at, updated_at) VALUES
-- 삼성전자 (5명)
(1,  1, 1, 100,  NOW(), NOW()),
(2,  2, 1, 50,   NOW(), NOW()),
(3,  3, 1, 200,  NOW(), NOW()),
(4,  4, 1, 30,   NOW(), NOW()),
(5,  5, 1, 80,   NOW(), NOW()),
-- SK하이닉스 (3명)
(6,  1, 2, 20,   NOW(), NOW()),
(7,  6, 2, 15,   NOW(), NOW()),
(8,  7, 2, 40,   NOW(), NOW()),
-- 현대차 (2명)
(9,  3, 3, 10,   NOW(), NOW()),
(10, 8, 3, 25,   NOW(), NOW()),
-- NAVER (4명)
(11, 2, 4, 30,   NOW(), NOW()),
(12, 4, 4, 20,   NOW(), NOW()),
(13, 9, 4, 50,   NOW(), NOW()),
(14, 10,4, 15,   NOW(), NOW()),
-- 카카오 (4명, 저가+소형 → 참여율 역전 시나리오)
(15, 5, 15, 500, NOW(), NOW()),
(16, 6, 15, 300, NOW(), NOW()),
(17, 7, 15, 400, NOW(), NOW()),
(18, 8, 15, 200, NOW(), NOW()),
-- KB금융 (2명)
(19, 9,  7, 60,  NOW(), NOW()),
(20, 10, 7, 40,  NOW(), NOW());